#example.aln.fas,average=0.0285313108685983
Os08g10430.GM,Os08g10430.Q2536,Os08g10430.TTP,
Os08g10430.GM,0.00459419507001205,0.0401206952359272,
Os08g10430.Q2536,,0.0408790422998555,

