#example.aln.fas, average=0.028531310868598257
Os08g10430.GM,Os08g10430.Q2536,Os08g10430.TTP,
Os08g10430.GM,0.004594195070012049,0.040120695235927206,
Os08g10430.Q2536,,0.04087904229985552,
