#example.aln,average=0.89225459799988
Os08g10430.GM,Os08g10430.Q2536,Os08g10430.TTP,
Os08g10430.GM,1.5350861201195,0.593757465025935,
Os08g10430.Q2536,,0.547920208854203,

